SF1|10001.wav
SF1|10002.wav
SF1|10003.wav
SF1|10004.wav
SF1|10005.wav
SF1|10006.wav
SF1|10007.wav
SF1|10008.wav
SF1|10009.wav
SF1|10010.wav
SF1|10011.wav
SF1|10012.wav
SF1|10013.wav
SF1|10014.wav
SF1|10015.wav
SF1|10016.wav
SF1|10017.wav
SF1|10018.wav
SF1|10019.wav
SF1|10020.wav
SF1|10021.wav
SF1|10022.wav
SF1|10023.wav
SF1|10024.wav
SF1|10025.wav
SF1|10026.wav
SF1|10027.wav
SF1|10028.wav
SF1|10029.wav
SF1|10030.wav
SF1|10031.wav
SF1|10032.wav
SF1|10033.wav
SF1|10034.wav
SF1|10035.wav
SF1|10036.wav
SF1|10037.wav
SF1|10038.wav
SF1|10039.wav
SF1|10040.wav
SF1|10041.wav
SF1|10042.wav
SF1|10043.wav
SF1|10044.wav
SF1|10045.wav
SF1|10046.wav
SF1|10047.wav
SF1|10048.wav
SF1|10049.wav
SF1|10050.wav
SF1|10051.wav
SF1|10052.wav
SF1|10053.wav
SF1|10054.wav
SF1|10055.wav
SF1|10056.wav
SF1|10057.wav
SF1|10058.wav
SF1|10059.wav
SF1|10060.wav
SF1|10061.wav
SF1|10062.wav
SF1|10063.wav
SF1|10064.wav
SF1|10065.wav
SF1|10066.wav
SF1|10067.wav
SF1|10068.wav
SF1|10069.wav
SF1|10070.wav
SF1|10071.wav
SF1|10072.wav
SF1|10073.wav
SF1|10074.wav
SF1|10075.wav
SF1|10076.wav
SF1|10077.wav
SF1|10078.wav
SF1|10079.wav
SF1|10080.wav
SF1|10081.wav
TM1|10001.wav
TM1|10002.wav
TM1|10003.wav
TM1|10004.wav
TM1|10005.wav
TM1|10006.wav
TM1|10007.wav
TM1|10008.wav
TM1|10009.wav
TM1|10010.wav
TM1|10011.wav
TM1|10012.wav
TM1|10013.wav
TM1|10014.wav
TM1|10015.wav
TM1|10016.wav
TM1|10017.wav
TM1|10018.wav
TM1|10019.wav
TM1|10020.wav
TM1|10021.wav
TM1|10022.wav
TM1|10023.wav
TM1|10024.wav
TM1|10025.wav
TM1|10026.wav
TM1|10027.wav
TM1|10028.wav
TM1|10029.wav
TM1|10030.wav
TM1|10031.wav
TM1|10032.wav
TM1|10033.wav
TM1|10034.wav
TM1|10035.wav
TM1|10036.wav
TM1|10037.wav
TM1|10038.wav
TM1|10039.wav
TM1|10040.wav
TM1|10041.wav
TM1|10042.wav
TM1|10043.wav
TM1|10044.wav
TM1|10045.wav
TM1|10046.wav
TM1|10047.wav
TM1|10048.wav
TM1|10049.wav
TM1|10050.wav
TM1|10051.wav
TM1|10052.wav
TM1|10053.wav
TM1|10054.wav
TM1|10055.wav
TM1|10056.wav
TM1|10057.wav
TM1|10058.wav
TM1|10059.wav
TM1|10060.wav
TM1|10061.wav
TM1|10062.wav
TM1|10063.wav
TM1|10064.wav
TM1|10065.wav
TM1|10066.wav
TM1|10067.wav
TM1|10068.wav
TM1|10069.wav
TM1|10070.wav
TM1|10071.wav
TM1|10072.wav
TM1|10073.wav
TM1|10074.wav
TM1|10075.wav
TM1|10076.wav
TM1|10077.wav
TM1|10078.wav
TM1|10079.wav
TM1|10080.wav
TM1|10081.wav